BedfordFalls,522891356
Fort Benning,2693585128
lakeivytownship,2252982049
RavenCreek,2196102849
lgd_antibodies,2392676812
tsarslib,2392709985
ProfessionFramework,1343686691
BCGTools,2423906082
modoptions,2169435993
DynamicTraitsSE,2701370059
manageContainers,2650547917
EasyConfigChucked,2529746725
BetterSortCC,2313387159
CraftHelper41,2186592938
Arsenal(26)GunFighter,2297098490
eggonsModdingUtils,2617575303
DylansZombieLoot,2686972114
Brita,2200148440
Brita_2,2460154811
myclothinguimod,2695471997
P4HasBeenRead,2544353492
jarris_HMBP,517941024
MinimalDisplayBars,2004998206
isoContainers,2625625421
RainWash,2657661246
snowiswaterbeta,2704811006
ScrapWeapons(new version),2122265954
ExpandedHelicopterEvents,2458631365
Authentic Z - Current,2335368829
eggonsHaveIFoundThisBook,2631149521
BB_Utils,2850135071
BB_Auto_Engineering,2853596558
BB_Throwables,2856589908
BB_CommonSense,2875848298
betterLockpicking,2873062287
GeneratorTimeRemaining,2883397918
GunFighter_Radial_Menu,2884558190
autotsartrailers,2282429356
FRUsedCars,1510950729
FRUsedCarsNLF,1510950729
FRUsedCarsFT,1510950729
FH,2447729538
SpnHair,2463184726
Literature&Magazines,2440051148
ATA_Bus,2592358528
ATA_Jeep,2636100523
ATA_Jeep_x10,2636100523
ATA_Jeep_x2,2636100523
ATA_Jeep_x4,2636100523
ATA_Mustang,2681635926
ATA_Mustang_x2,2681635926
ATA_Mustang_x4,2681635926
91range,2409333430
90niva,2422681177
89def90,2443275640
89def110,2441990998
87cruiser,2489148104
85merc,2469388752
67commando,2478247379
88golfMk2,2516123638
88jettaMk2,2522173579
86oshkoshP19A,2566953935
82oshkoshM911,2618213077
92amgeneralM998,2642541073
SpecialEmergencyVehiclesFRsm,2849455153
70dodge,2873290424
92nissanGTR,2846036306
vino125,2878374713
Lingering Voices,2874678809
DonazosFisticuffs,2860974747
TMC_Trolley,2478768005
UBPropFix,2883755057
nissan240sx_withanims,2847161000
83amgeneralM923,2811383142
CytU1550L,2843855721
88chevyS10,2886832936
SkillRecoveryJournal,2503622437
BCGRareWeapons,2432621382
ScrapArmor(new version),2658619264
VileM113APC,1983277711
80kz1000,2818847163
rSemiTruck,2759339330
VISIBLE_BACKPACK_BACKGROUND,2808679062
qdx_item_condition,2852309899
invisibledenimpatches,2464748152
invisibleleatherpatches,2464748152
invisiblesheetpatches,2464748152
RV_Interior_MP,2822286426
ATA_DeLorean,2963237571
ATA_BMW_E36,2946111058
28ss100,2913634132
90zanella50cc,2922441474
SprinterAE86,2781895054
92fordCVPI,2962175696
97bushmaster,2897390033
59meteor,2772575623
ECTO1,2772575623
74amgeneralM151A2,2785549133
93townCar,2932547723
TrueMusicRetroRemixes_ByJusFoNo,2916055813
fuelsideindicator,2616986064
BLTRandomZombies,2818577583
CanRepairDoors,2905027525
ItemSearcher,2789003239
ProximityInventory,2847184718